INSERT INTO `user` (`user_id`, `name`, `paswsword`) VALUES (NULL, 'bella', 'bella123'), (NULL, 'karomah', 'karomah07'), (NULL, 'efendi', 'efendi89'), (NULL, 'hindun', 'hindun95'), (NULL, 'siti', 'siti08'), (NULL, 'nur', 'nur77'), (NULL, 'farisa', 'farisa10'), (NULL, 'mohammad', 'mohammad23'), (NULL, 'sosro', 'sosro87'), (NULL, 'samsul', 'samsul87');
INSERT INTO `film` (`film_id`, `film_name`, `publish_date`) VALUES ('1', 'dilan_1990', '2018-03-12 07:30:22'), ('9', 'merdeka', '0000-00-00 00:00:00'), ('8', 'guardian', '0000-00-00 00:00:00'), ('7', 'garuda', '0000-00-00 00:00:00'), ('6', 'warkop', '0000-00-00 00:00:00'), ('5', 'sang_kiai', '0000-00-00 00:00:00'), ('4', 'pertaruhan', '0000-00-00 00:00:00'), ('3', 'teman_tapi_menikah', '0000-00-00 00:00:00'), ('2', 'bumi_manusia', '0000-00-00 00:00:00'), ('10', 'idiot', '');
INSERT INTO `category` (`category_id`, `category_name`) VALUES ('0', 'action'), ('1', 'aksi'), ('2', 'komedi'), ('3', 'romans'), ('5', 'komedi_romans'), ('6', 'horor_romans'), ('7', 'horor'), ('8', 'aksi_romans'), ('9', 'misteri'), ('10', 'horor_komedi');
INSERT INTO `artis` (`artis_id`, `artis_name`, `artis_dob`) VALUES ('1', 'adipati_dolken', '03-07-1987'), ('2', 'aliando_syarif', '12-03-1996'), ('3', 'adipati_dolken', '03-07-1987'), ('4', 'jesika_mela', '15-09-1995'), ('5', 'mamad', '12-03-1997'), ('6', 'bambang', '18-04-1983'), ('7', 'makruf', '10-10-2000'), ('8', 'sari', '17-11-1984'), ('9', 'yudha', '25-05-1999'), ('10', 'sutrisno', '17-05-1975');
INSERT INTO `daftar_nonton` (`user_id`, `film_id`, `tanggal_nonton`) VALUES ('1', '2', '0000-00-00 00:00:00'), ('1', '3', '0000-00-00 00:00:00'), ('1', '5', '0000-00-00 00:00:00'), ('1', '6', '0000-00-00 00:00:00'), ('1', '8', '0000-00-00 00:00:00'), ('1', '10', '0000-00-00 00:00:00'), ('2', '3', '0000-00-00 00:00:00'), ('2', '5', '0000-00-00 00:00:00'), ('2', '7', '0000-00-00 00:00:00'), ('3', '3', '0000-00-00 00:00:00'), ('3', '6', '0000-00-00 00:00:00'), ('3', '7', '0000-00-00 00:00:00'), ('3', '8', '0000-00-00 00:00:00'), ('4', '2', '0000-00-00 00:00:00'), ('4', '8', '0000-00-00 00:00:00'), ('5', '9', '0000-00-00 00:00:00'), ('6', '1', '0000-00-00 00:00:00'), ('6', '2', '0000-00-00 00:00:00'), ('6', '7', '0000-00-00 00:00:00'), ('7', '2', '0000-00-00 00:00:00'), ('7', '3', '0000-00-00 00:00:00'), ('8', '2', '0000-00-00 00:00:00'), ('8', '3', '0000-00-00 00:00:00'), ('9', '7', '0000-00-00 00:00:00'), ('9', '8', '0000-00-00 00:00:00'), ('10', '7', '0000-00-00 00:00:00'), ('10', '8', '0000-00-00 00:00:00'), ('10', '10', '0000-00-00 00:00:00');
INSERT INTO `category_film` (`film_id`, `category_id`) VALUES ('1', '1'), ('1', '5'), ('1', '8'), ('1', '9'), ('2', '0'), ('2', '1'), ('2', '7'), ('2', '9'), ('3', '2'), ('3', '3'), ('3', '9'), ('4', '0'), ('4', '9'), ('5', '0'), ('5', '5'), ('5', '7'), ('5', '10'), ('6', '1'), ('6', '2'), ('7', '1'), ('7', '3'), ('7', '7'), ('7', '9'), ('7', '10'), ('8', '0'), ('9', '0'), ('9', '3'), ('10', '0'), ('10', '3'), ('10', '8'), ('10', '10');
 INSERT INTO`cast` (`film_id`, `artis_id`) VALUES ('1', '1'), ('1', '2'), ('1', '3'), ('1', '7'), ('2', '2'), ('2', '4'), ('2', '8'), ('3', '2'), ('3', '9'), ('4', '4'), ('4', '8'), ('5', '2'), ('5', '8'), ('5', '10'), ('6', '1'), ('6', '8'), ('7', '2'), ('7', '7'), ('8', '1'), ('8', '2'), ('8', '8'), ('9', '3'), ('9', '5'), ('9', '10'), ('10', '1'), ('10', '2'), ('10', '4'), ('10', '6');